City,Cloudiness,Country,Date,Humidity,Lat,Lng,Max Temp,Wind Speed
Atuona,9,PF,1660408850,74,-9.8,-139.0333,25.03,9.03
Vestmannaeyjar,100,IS,1660408850,76,63.4427,-20.2734,10.55,3.09
Rikitea,31,PF,1660408850,76,-23.1203,-134.9692,22.98,9.73
George Town,20,MY,1660408850,86,5.4112,100.3354,28.27,1.54
Punta Arenas,75,CL,1660408850,75,-53.15,-70.9167,2.06,8.23
Muscat,100,OM,1660408383,55,23.6139,58.5922,33.01,3.3
Acajutla,99,SV,1660408850,72,13.5928,-89.8275,28.71,2.02
Albany,0,US,1660408851,52,42.6001,-73.9662,23.68,0.45
Tateyama,75,JP,1660408851,86,34.9833,139.8667,26.17,12.0
Hilo,40,US,1660408851,91,19.7297,-155.09,24.04,2.57
New Norfolk,100,AU,1660408851,87,-42.7826,147.0587,11.07,1.34
Lagoa Formosa,0,BR,1660408851,26,-18.7786,-46.4075,27.79,1.81
Jieshi,3,CN,1660408851,80,22.8134,115.8257,28.33,2.84
Kasakh,1,AM,1660408851,65,40.537,44.4105,22.59,3.38
Geraldton,75,AU,1660408851,87,-28.7667,114.6,10.23,1.54
Chokurdakh,100,RU,1660408851,98,70.6333,147.9167,1.53,3.64
Ushuaia,0,AR,1660408786,56,-54.8,-68.3,3.81,2.06
Íos,0,GR,1660408851,64,36.7333,25.2833,27.95,2.24
Dikson,100,RU,1660408851,99,73.5069,80.5464,6.24,3.28
Cape Town,75,ZA,1660408414,83,-33.9258,18.4232,12.99,9.77
Vaini,20,TO,1660408852,77,-21.2,-175.2,20.09,4.63
Mahébourg,40,MU,1660408728,83,-20.4081,57.7,20.16,6.69
Itatiaia,5,BR,1660408852,42,-22.4961,-44.5633,25.06,2.25
Nettuno,26,IT,1660408852,63,41.4826,12.679,28.91,3.03
Mackenzie,0,CA,1660408852,77,55.2999,-123.1698,17.12,1.54
Tautira,41,PF,1660408852,79,-17.7333,-149.15,24.77,6.34
Faanui,18,PF,1660408852,76,-16.4833,-151.75,25.3,5.64
Busselton,89,AU,1660408852,70,-33.65,115.3333,11.82,3.52
Uddevalla,49,SE,1660408665,47,58.3478,11.9424,26.2,1.98
Puerto Carreño,100,CO,1660408852,97,6.189,-67.4859,22.75,4.33
Torbay,75,CA,1660408852,85,47.6666,-52.7314,23.27,5.66
Altay,17,CN,1660408853,59,47.8667,88.1167,16.05,2.48
Yellowknife,20,CA,1660408853,68,62.456,-114.3525,19.29,4.63
Xihe,62,CN,1660408853,70,31.6864,113.4659,27.79,3.53
Hobart,100,AU,1660408765,95,-42.8794,147.3294,11.26,7.2
Bredasdorp,66,ZA,1660408853,61,-34.5322,20.0403,11.02,3.57
São João da Barra,23,BR,1660408853,55,-21.6403,-41.0511,24.05,5.26
Harper,93,LR,1660408853,73,4.375,-7.7169,25.49,5.32
Port Elizabeth,100,ZA,1660408853,92,-33.918,25.5701,11.29,1.03
Saint-Philippe,59,RE,1660408853,77,-21.3585,55.7679,20.77,5.1
Te Anau,56,NZ,1660408853,94,-45.4167,167.7167,1.64,0.4
Barrow,100,US,1660408854,86,71.2906,-156.7887,1.01,5.14
Avarua,75,CK,1660408854,94,-21.2078,-159.775,23.03,1.03
North Platte,0,US,1660408854,48,41.1239,-100.7654,29.94,5.14
Alice Springs,0,AU,1660408854,60,-23.7,133.8833,4.75,2.57
Hobyo,51,SO,1660408854,79,5.3505,48.5268,25.03,11.51
Juneau,100,US,1660408854,96,58.3019,-134.4197,15.68,4.12
Mataura,12,NZ,1660408854,98,-46.1927,168.8643,6.93,1.36
Nanortalik,100,GL,1660408854,95,60.1432,-45.2371,7.45,5.33
Bluff,5,NZ,1660408854,73,-46.6,168.3333,7.11,7.2
Thompson,20,CA,1660408854,59,55.7435,-97.8558,18.09,1.03
Kedrovyy,51,RU,1660408854,82,56.1667,91.8167,15.23,0.62
Margate,4,GB,1660408855,55,51.3813,1.3862,31.17,1.34
Hervey Bay,17,AU,1660408855,79,-25.2986,152.8535,14.17,3.93
Inírida,100,CO,1660408855,98,3.8653,-67.9239,22.95,0.35
Nordhausen,83,DE,1660408855,48,51.5167,10.8,26.75,5.58
Pisco,100,PE,1660408855,82,-13.7,-76.2167,17.79,2.06
Slavutych,89,UA,1660408855,80,51.5196,30.7343,20.47,5.34
Cherskiy,66,RU,1660408855,74,68.75,161.3,3.39,2.35
Longyearbyen,75,SJ,1660408855,81,78.2186,15.6401,6.91,6.69
Souillac,40,MU,1660408855,83,-20.5167,57.5167,20.21,6.69
Coquimbo,0,CL,1660408855,67,-29.9533,-71.3436,14.85,3.09
Honningsvåg,100,NO,1660408855,87,70.9821,25.9704,9.86,3.6
Port Hardy,75,CA,1660408856,100,50.6996,-127.4199,13.1,1.03
Pevek,94,RU,1660408856,89,69.7008,170.3133,0.03,2.51
Ponta do Sol,22,PT,1660408856,70,32.6667,-17.1,26.51,2.37
Khovd,24,MN,1660408856,42,48.0056,91.6419,17.82,2.18
Mossamedes,77,AO,1660408856,78,-15.1961,12.1522,19.6,3.34
Vaitape,19,PF,1660408856,76,-16.5167,-151.75,25.31,5.62
Port Alfred,100,ZA,1660408856,96,-33.5906,26.891,10.66,0.89
Moshenskoye,91,RU,1660408856,68,58.5102,34.5911,20.41,1.12
Saint-Joseph,78,RE,1660408856,75,-21.3667,55.6167,20.21,5.2
Cedar City,100,US,1660408856,78,37.6775,-113.0619,21.33,2.57
Kawalu,71,ID,1660408856,99,-7.3817,108.2082,22.1,0.38
Ponnāni,100,IN,1660408856,84,10.767,75.9252,25.62,3.11
Mtambile,47,TZ,1660408856,80,-5.3833,39.7,23.79,6.17
Keti Bandar,47,PK,1660408857,82,24.1447,67.4497,27.16,5.96
Palmer,40,US,1660408857,48,42.1584,-72.3287,24.49,4.63
Chui,48,UY,1660408857,79,-33.6971,-53.4616,17.69,1.78
Ilulissat,40,GL,1660408709,41,69.2167,-51.1,13.01,8.23
Ocampo,67,MX,1660408857,42,21.65,-101.5,21.6,0.72
Hithadhoo,69,MV,1660408857,74,-0.6,73.0833,28.46,3.76
Nikolskoye,96,RU,1660408857,75,59.7035,30.7861,21.94,2.87
Kalianget,80,ID,1660408857,81,-7.05,113.9333,27.21,4.83
Umba,48,RU,1660408857,59,66.6871,34.3429,13.7,1.95
Houston,20,US,1660408640,67,29.7633,-95.3633,33.01,7.2
Gouré,100,NE,1660408858,53,13.9835,10.2704,27.23,4.47
Tagusao,100,PH,1660408858,79,9.1924,117.8141,27.42,1.52
Camacha,20,PT,1660408858,69,33.0833,-16.3333,22.68,4.63
Tambura,99,SS,1660408858,94,5.6,27.4667,21.3,1.27
Tasiilaq,10,GL,1660408858,58,65.6145,-37.6368,4.09,2.16
Duluth,100,US,1660408858,83,46.7833,-92.1066,18.32,5.14
Nioro,98,GM,1660408859,84,13.35,-15.75,25.22,5.45
Paramonga,63,PE,1660408859,71,-10.6667,-77.8333,19.46,4.47
Chumikan,100,RU,1660408859,94,54.7183,135.315,12.15,1.46
Ribeira Grande,20,PT,1660408859,78,38.5167,-28.7,27.22,7.2
Pont-Saint-Esprit,8,FR,1660408859,56,44.2549,4.6474,34.34,9.15
Itarana,97,BR,1660408859,49,-19.8739,-40.8753,23.87,1.71
Khatanga,1,RU,1660408859,57,71.9667,102.5,9.03,3.94
Isiolo,92,KE,1660408859,54,0.3546,37.5822,23.15,5.11
Butaritari,45,KI,1660408860,76,3.0707,172.7902,27.6,7.41
Dingle,94,PH,1660408860,91,10.9995,122.6711,24.64,0.94
Black River,11,JM,1660408860,63,18.0264,-77.8487,30.59,4.51
Kapaa,20,US,1660408860,92,22.0752,-159.319,23.18,5.14
Bara,100,NG,1660408860,94,10.3744,10.7288,25.88,1.55
Chara,86,RU,1660408860,79,56.9064,118.2631,13.6,1.01
Beringovskiy,100,RU,1660408860,87,63.05,179.3167,7.86,5.93
Shirokiy,25,RU,1660408860,95,49.758,129.523,13.39,1.34
Puerto Escondido,75,MX,1660408860,66,15.85,-97.0667,30.46,0.0
Hermanus,60,ZA,1660408860,86,-34.4187,19.2345,13.78,8.17
Mount Vernon,75,US,1660408861,45,40.9126,-73.8371,25.85,4.63
San Patricio,61,US,1660408861,52,28.017,-97.5169,31.4,4.63
Talnakh,100,RU,1660408861,52,69.4865,88.3972,14.34,4.95
Hamilton,0,US,1660408861,48,39.1834,-84.5333,27.71,3.6
Baykit,7,RU,1660408861,86,61.67,96.37,6.87,1.31
Kuytun,8,RU,1660408861,80,54.3419,101.5036,11.57,1.24
Mount Gambier,75,AU,1660408861,100,-37.8333,140.7667,6.95,3.6
Shelton,75,US,1660408861,47,41.3165,-73.0932,25.77,4.12
Remedios,40,CU,1660408861,65,22.4947,-79.5458,30.51,3.97
Uyemskiy,0,RU,1660408862,55,64.4743,40.8524,15.03,3.0
Cidreira,100,BR,1660408862,69,-30.1811,-50.2056,19.43,2.4
Oparino,3,RU,1660408862,74,59.8518,48.2783,13.17,1.0
Hong Kong,3,HK,1660408820,84,22.2855,114.1577,29.07,2.68
Bandarbeyla,90,SO,1660408862,78,9.4942,50.8122,25.31,14.95
Osorno,100,CL,1660408583,87,-40.5667,-73.15,11.17,7.2
Cabo San Lucas,20,MX,1660408862,66,22.8909,-109.9124,32.56,3.6
Chu,0,KZ,1660408862,31,43.5983,73.7614,24.8,4.38
Kaitangata,9,NZ,1660408862,91,-46.2817,169.8464,3.09,3.84
Zastron,100,ZA,1660408862,39,-30.3023,27.084,11.98,5.75
East London,40,ZA,1660408862,100,-33.0153,27.9116,12.52,1.03
Hanover,0,DE,1660408800,46,52.3705,9.7332,29.91,5.14
Chulumani,50,BO,1660408863,29,-16.4096,-67.5263,28.28,2.42
Baft,0,IR,1660408863,15,29.234,56.6057,23.75,4.71
Roebourne,4,AU,1660408863,73,-20.7833,117.1333,20.91,1.31
Bethel,100,US,1660408863,50,41.3712,-73.414,24.72,5.66
Sobolevo,71,RU,1660408863,78,54.4299,31.8996,19.78,3.67
Río Gallegos,0,AR,1660408863,65,-51.6226,-69.2181,3.03,8.75
Kutum,83,SD,1660408863,49,14.2,24.6667,27.78,3.4
Xalpatlahuac,91,MX,1660408863,74,17.4667,-98.6167,21.54,0.64
Lebu,87,CL,1660408864,92,-37.6167,-73.65,11.59,11.06
Arraial do Cabo,0,BR,1660408864,53,-22.9661,-42.0278,23.98,10.29
Phan Thiet,8,VN,1660408864,85,10.9333,108.1,25.52,2.61
Mar del Plata,0,AR,1660408722,63,-38.0023,-57.5575,20.01,4.02
Havøysund,100,NO,1660408864,88,70.9963,24.6622,10.13,5.67
Yuanping,100,CN,1660408864,97,38.7153,112.7575,22.23,0.82
Polunochnoye,10,RU,1660408864,67,60.8697,60.4153,11.55,4.08
Vanimo,100,PG,1660408864,91,-2.6741,141.3028,24.03,0.3
Atikokan,2,CA,1660408864,42,48.7555,-91.6216,25.41,1.67
Pauini,4,BR,1660408865,29,-7.7136,-66.9764,36.77,0.98
Benguela,32,AO,1660408865,78,-12.5763,13.4055,21.13,3.35
Vila Velha,20,BR,1660408865,61,-20.3297,-40.2925,24.97,5.14
Sydney,0,AU,1660408146,73,-33.8679,151.2073,11.61,6.17
Agadez,12,NE,1660408865,12,19.75,10.25,38.88,3.27
Bunbury,85,AU,1660408865,72,-33.3333,115.6333,12.48,3.27
Tiksi,64,RU,1660408865,91,71.6872,128.8694,3.71,5.8
Katsuura,99,JP,1660408865,85,35.1333,140.3,27.0,11.35
Upernavik,100,GL,1660408865,64,72.7868,-56.1549,8.25,1.26
Hīt,0,IQ,1660408865,17,33.6416,42.8251,36.36,5.63
Turka,97,UA,1660408865,91,49.1541,23.0297,18.78,1.33
Sitka,100,US,1660408866,82,57.0531,-135.33,15.94,0.0
Puerto Ayora,100,EC,1660408866,99,-0.7393,-90.3518,23.98,3.58
Bantou,22,CN,1660408866,75,26.2151,117.4893,26.3,0.71
Cairns,7,AU,1660408866,93,-16.9167,145.7667,19.48,3.09
Svetlaya,73,RU,1660408866,89,46.5389,138.3297,16.69,2.28
Envira,7,BR,1660408866,32,-7.3,-70.2167,35.33,0.21
Lagoa,2,PT,1660408866,82,39.05,-27.9833,24.18,5.24
Carnarvon,29,AU,1660408866,71,-24.8667,113.6333,19.19,3.99
Devils Lake,20,US,1660408866,73,48.1128,-98.8651,23.06,2.57
Jamestown,75,US,1660408866,37,42.097,-79.2353,24.41,3.09
Mackay,69,AU,1660408867,85,-21.15,149.2,15.93,2.81
Saint-Pierre,40,RE,1660408867,70,-21.3393,55.4781,20.82,6.17
Lingao,100,CN,1660408867,87,19.9103,109.6859,26.73,2.75
Ghanzi,36,BW,1660408851,10,-21.5667,21.7833,22.88,4.85
Hasaki,100,JP,1660408867,89,35.7333,140.8333,24.22,9.07
Vostok,78,RU,1660408867,86,46.4856,135.8833,13.06,1.52
São Filipe,91,CV,1660408867,74,14.8961,-24.4956,25.39,4.25
Arvin,0,US,1660408867,20,35.2091,-118.8284,36.14,2.07
Corinth,56,GR,1660408575,45,37.9407,22.9573,28.27,1.16
Qaanaaq,100,GL,1660408867,75,77.484,-69.3632,5.42,5.59
Şabyā,100,SA,1660408842,63,17.1495,42.6254,32.79,4.96
Port Hedland,4,AU,1660408867,77,-20.3167,118.5667,19.03,2.57
Adamantas,0,GR,1660408868,68,36.7333,24.4333,25.36,3.14
Warri,100,NG,1660408722,83,5.5167,5.75,25.19,4.35
Praia da Vitória,20,PT,1660408868,74,38.7333,-27.0667,28.14,4.9
Watrous,17,CA,1660408868,64,51.6668,-105.4679,22.88,3.09
Yangi Marg`ilon,0,UZ,1660408868,39,40.4272,71.7189,28.4,2.06
Castro,33,BR,1660408354,41,-24.7911,-50.0119,21.32,3.14
Sinjār,0,IQ,1660408868,20,36.3209,41.8754,36.03,5.88
Paidha,100,UG,1660408868,89,2.4167,30.9855,16.92,1.68
Tiarei,18,PF,1660408868,78,-17.5333,-149.3333,22.01,6.41
Dumanjug,83,PH,1660408868,83,10.0576,123.4356,26.78,1.55
Tabuk,100,PH,1660408743,90,17.4189,121.4443,24.05,1.35
Otradnoye,96,RU,1660408618,75,59.7775,30.8181,22.03,2.77
Kondol',99,RU,1660408868,44,52.8189,45.058,22.7,3.56
Jalu,5,LY,1660408868,25,29.0331,21.5482,34.33,8.74
Codrington,35,AU,1660408869,86,-38.2667,141.9667,8.73,2.38
Sembakung,34,ID,1660408869,98,3.8167,117.25,23.34,0.38
Tynda,100,RU,1660408869,96,55.1667,124.7167,10.89,0.53
Khani,0,GE,1660408869,73,41.9563,42.9566,20.76,1.4
Macaé,20,BR,1660408869,44,-22.3708,-41.7869,26.86,5.66
Benghazi,0,LY,1660408791,63,32.1167,20.0667,27.94,6.52
Quiindy,100,PY,1660408869,35,-25.9667,-57.2667,27.39,3.36
Chapais,19,CA,1660408869,35,49.7834,-74.8492,17.88,0.96
Fortuna,100,US,1660408869,84,40.5982,-124.1573,18.85,3.6
Provideniya,100,RU,1660408869,85,64.3833,-173.3,6.64,2.51
Bengkulu,100,ID,1660408869,90,-3.8004,102.2655,24.45,1.67
Tual,41,ID,1660408869,82,-5.6667,132.75,26.46,8.09
Saint George,75,US,1660408870,62,37.1041,-113.5841,26.64,0.89
Lüderitz,97,NA,1660408870,79,-26.6481,15.1594,13.27,5.12
Kralendijk,75,BQ,1660408870,62,12.15,-68.2667,31.99,8.23
Uruguaiana,0,BR,1660408870,68,-29.7547,-57.0883,21.96,1.54
Husavik,97,IS,1660408870,80,66.0449,-17.3389,9.31,4.01
Yumbe,100,UG,1660408870,96,3.4651,31.2469,19.15,1.76
Riverton,40,US,1660408870,49,40.5219,-111.9391,28.43,3.6
Port Lincoln,3,AU,1660408870,86,-34.7333,135.8667,10.93,3.48
Caronport,12,CA,1660408870,38,50.4501,-105.8179,25.1,3.51
Taoudenni,23,ML,1660408871,13,22.6783,-3.9836,44.31,2.62
Asău,87,RO,1660408871,82,46.4333,26.4,26.51,1.64
Semporna,88,MY,1660408871,79,4.4818,118.6112,26.67,1.0
Takoradze,48,GH,1660408871,70,4.8845,-1.7554,26.33,6.67
San Cristobal,81,VE,1660408871,54,7.7669,-72.225,28.1,2.66
Kavieng,100,PG,1660408871,76,-2.5744,150.7967,27.1,4.19
Cayenne,20,GF,1660408812,24,4.9333,-52.3333,32.02,4.12
Tuktoyaktuk,75,CA,1660408871,82,69.4541,-133.0374,14.0,4.12
Pāsighāt,15,IN,1660408871,79,28.0667,95.3333,26.98,1.05
Ancud,100,CL,1660408871,78,-41.8697,-73.8203,8.94,10.56
Nesna,6,NO,1660408872,81,66.1967,13.0213,15.29,5.49
Volokolamsk,100,RU,1660408872,65,56.0336,35.9694,20.04,1.27
Maceió,75,BR,1660408872,61,-9.6658,-35.7353,28.69,8.23
Bathsheba,75,BB,1660408872,89,13.2167,-59.5167,27.34,4.63
Ugoofaaru,70,MV,1660408872,76,5.6667,73.0,27.84,3.1
Kalevala,40,RU,1660408706,55,65.2,31.1667,16.1,1.46
Kangaatsiaq,98,GL,1660408873,74,68.3065,-53.4641,6.71,3.23
Severo-Kuril'sk,100,RU,1660408873,96,50.6789,156.125,12.93,3.45
Aswān,0,EG,1660408873,15,24.0934,32.907,39.61,6.17
Lorengau,88,PG,1660408874,79,-2.0226,147.2712,26.52,1.42
Bambous Virieux,40,MU,1660408874,83,-20.3428,57.7575,20.14,6.69
Pakxan,95,LA,1660408874,96,18.3778,103.6601,23.86,1.11
Boulsa,88,BF,1660408874,51,12.6675,-0.5758,32.46,3.15
Faya,99,SA,1660408874,70,18.3851,42.4509,23.06,0.87
Lata,0,PT,1660408874,41,40.1629,-8.3327,22.67,4.87
Fécamp,4,FR,1660408640,36,49.7579,0.3746,33.84,8.3
Goundam,2,ML,1660408874,29,16.4145,-3.6708,37.24,3.45
Hokitika,22,NZ,1660408874,81,-42.7167,170.9667,5.4,2.79
Brigantine,0,US,1660408874,52,39.4101,-74.3646,28.35,2.06
Iqaluit,75,CA,1660408875,81,63.7506,-68.5145,9.83,3.6
Tabou,75,CI,1660408875,73,4.423,-7.3528,25.6,5.47
Tuatapere,5,NZ,1660408875,90,-46.1333,167.6833,2.15,1.74
Petropavlovsk-Kamchatskiy,100,RU,1660408875,100,53.0452,158.6483,13.33,2.0
Broken Hill,30,AU,1660408875,91,-31.95,141.4333,6.49,5.37
Salinas,0,US,1660408875,73,36.6777,-121.6555,19.45,2.06
The Valley,20,AI,1660408875,62,18.217,-63.0578,31.08,5.14
Padang,97,ID,1660408867,88,-0.9492,100.3543,25.69,1.22
Andenes,75,NO,1660408875,82,69.3143,16.1194,13.29,6.69
Marieville,1,CA,1660408875,55,45.4334,-73.1658,24.51,1.51
Kruisfontein,60,ZA,1660408875,88,-34.0033,24.7314,9.94,1.59
Birao,77,CF,1660408875,88,10.2849,22.7882,23.68,1.72
Manokwari,99,ID,1660408875,79,-0.8667,134.0833,25.63,1.63
Mbekenyera,51,TZ,1660408876,73,-10.0,38.9833,21.1,4.64
Namatanai,67,PG,1660408876,80,-3.6667,152.4333,25.35,2.58
Idritsa,6,RU,1660408876,67,56.3316,28.8988,21.43,1.99
Naze,96,JP,1660408876,81,28.3667,129.4833,28.51,3.22
Airai,8,TL,1660408876,83,-8.9266,125.4092,13.4,1.59
Caravelas,100,BR,1660408876,53,-17.7125,-39.2481,24.22,5.02
Karaidel',15,RU,1660408876,74,55.8337,56.9069,14.03,2.03
Saint Paul Harbor,100,US,1660408876,94,57.79,-152.4072,11.73,3.6
General Roca,34,AR,1660408876,32,-39.0333,-67.5833,18.68,8.62
Tahe,67,CN,1660408876,95,52.3333,124.7333,11.51,1.28
Bandrele,0,YT,1660408876,73,-12.9067,45.1914,24.86,2.06
Leningradskiy,52,RU,1660408858,93,69.3833,178.4167,-0.33,1.91
Kavaratti,98,IN,1660408877,81,10.5669,72.642,27.31,4.41
Udachny,100,RU,1660408877,81,66.4167,112.4,10.25,3.94
Tura,96,IN,1660408877,95,25.5198,90.2201,24.1,3.18
Arroyo de la Encomienda,0,ES,1660408877,27,41.6096,-4.7969,32.02,10.29
Vilhena,0,BR,1660408877,33,-12.7406,-60.1458,31.12,5.14
Sungai Raya,100,ID,1660408877,91,0.7,108.9,25.01,3.39
Mīzan Teferī,100,ET,1660408877,98,6.9833,35.5833,16.16,0.3
Stokmarknes,100,NO,1660408878,76,68.5646,14.9108,11.99,7.2
Pinheiro Machado,92,BR,1660408878,74,-31.5783,-53.3811,18.36,2.72
Grindavik,75,IS,1660408878,76,63.8424,-22.4338,11.97,6.17
Carutapera,60,BR,1660408878,65,-1.195,-46.02,29.06,5.05
Donskoye,0,RU,1660408878,22,45.4552,41.9741,32.07,10.22
Zyryanka,56,RU,1660408878,58,65.75,150.85,10.43,6.11
Vao,100,NC,1660408878,69,-22.6667,167.4833,21.48,8.95
Bonnyville,45,CA,1660408878,57,54.2668,-110.735,20.62,4.02
Richards Bay,80,ZA,1660408878,78,-28.783,32.0377,19.6,2.33
Tegul'det,89,RU,1660408878,69,57.3064,88.1667,14.37,2.25
Dabakala,100,CI,1660408879,97,8.3667,-4.4333,22.24,1.68
Panabá,58,MX,1660408879,49,21.2833,-88.2667,32.72,2.36
Aktau,3,KZ,1660408879,37,43.65,51.2,30.32,3.83
Davila,100,PH,1660408879,79,18.4726,120.5763,27.76,1.83
Anadyr,75,RU,1660408879,86,64.75,177.4833,6.28,2.0
City of San Pedro,40,PH,1660408879,91,14.35,121.0167,25.57,1.54
Yumen,98,CN,1660408879,30,40.2833,97.2,27.45,3.79
Nsoko,33,SZ,1660408879,74,-27.0333,31.95,19.98,2.12
Guadalupe y Calvo,60,MX,1660408879,53,26.1,-106.9667,21.48,1.57
Ashtabula,0,US,1660408880,46,41.7001,-80.7665,24.98,0.0
Norman Wells,20,CA,1660408880,55,65.282,-126.8329,17.02,3.09
Kiruna,67,SE,1660408880,44,67.8557,20.2251,14.51,4.63
Edd,81,ER,1660408880,71,13.9297,41.6925,32.32,3.61
Kahului,20,US,1660408880,73,20.8947,-156.47,25.47,2.68
Quzhou,67,CN,1660408880,76,28.9594,118.8686,27.37,0.97
Esperance,74,AU,1660408818,82,-33.8667,121.9,14.36,10.29
Nizhniy Kuranakh,100,RU,1660408880,96,58.8353,125.4869,13.03,0.74
Chabahar,100,IR,1660408881,82,25.2919,60.643,29.0,1.72
Kalmar,3,SE,1660408394,50,56.6616,16.3616,23.96,5.66
Ahipara,74,NZ,1660408881,85,-35.1667,173.1667,10.0,0.92
Maudaha,34,IN,1660408881,78,25.6833,80.1167,28.88,2.95
Mount Isa,0,AU,1660408881,35,-20.7333,139.5,10.87,0.0
Ojinaga,0,MX,1660408881,45,29.5667,-104.4167,34.76,2.06
Korla,70,CN,1660408881,35,41.7597,86.1469,27.83,2.16
Sidi Ali,9,DZ,1660408881,31,36.0998,0.4206,35.55,5.12
Biltine,97,TD,1660408881,58,14.5333,20.9167,29.75,4.75
Bukachacha,37,RU,1660408882,83,52.9833,116.9167,12.42,0.27
Chekmagush,81,RU,1660408882,64,55.1319,54.6556,17.97,3.27
Karratha,7,AU,1660408882,74,-20.7377,116.8463,21.24,1.37
Ostrovnoy,58,RU,1660408882,85,68.0531,39.5131,9.91,2.99
Panubigan,92,PH,1660408882,80,7.4281,123.3466,26.63,1.8
Erenhot,89,CN,1660408882,40,43.6475,111.9767,25.13,5.57
Nādāpuram,100,IN,1660408882,83,11.7,75.6667,24.92,1.21
Atyashevo,14,RU,1660408882,70,54.5644,46.0691,19.24,2.57
Gunjur,75,GM,1660408882,79,13.2019,-16.7339,29.04,8.23
Tezu,22,IN,1660408882,88,27.9167,96.1667,25.52,1.89
Nehe,1,CN,1660408882,87,48.4833,124.8333,15.04,0.28
Dourbali,96,TD,1660408883,84,11.8091,15.8632,24.01,4.04
Esim,41,GH,1660408883,77,4.8699,-2.2405,25.4,6.19
Chkalovskoye,73,RU,1660408883,97,44.8392,133.0436,15.87,2.11
Orán,6,AR,1660408883,19,-23.1322,-64.326,29.68,1.77
East Wenatchee Bench,0,US,1660408883,42,47.4257,-120.2812,23.87,9.77
Boende,100,CD,1660408883,49,-0.2167,20.8667,28.45,0.48
Bulgan,100,MN,1660408883,95,48.8125,103.5347,12.16,1.37
Hualmay,53,PE,1660408883,70,-11.0964,-77.6139,19.17,3.92
Amoy,0,CN,1660408883,79,24.4798,118.0819,29.03,2.0
Ust-Kuyga,100,RU,1660408883,92,70.0167,135.6,4.92,3.25
Tabas,0,IR,1660408849,13,33.5959,56.9244,32.45,7.07
Mortka,48,RU,1660408883,69,59.3322,66.0214,12.84,5.68
Vila Franca do Campo,40,PT,1660408883,75,37.7167,-25.4333,25.23,3.26
Bella Union,0,UY,1660408884,62,-30.2752,-57.6007,22.88,2.57
Saint-Leu,91,RE,1660408884,75,-21.15,55.2833,20.48,1.5
Vila,13,PT,1660408884,54,42.0304,-8.1588,21.5,4.09
Ayan,100,RU,1660408884,95,56.45,138.1667,12.91,1.81
Sistranda,100,NO,1660408884,73,63.7256,8.834,13.98,2.53
Nikel,100,RU,1660408884,67,69.4128,30.222,14.1,3.36
Santa Rosa,86,PH,1660408884,92,14.3122,121.1114,25.99,0.24
Guerrero Negro,3,MX,1660408884,56,27.9769,-114.0611,27.79,2.41
Vardø,100,NO,1660408884,76,70.3705,31.1107,10.99,3.09
Sakakah,0,SA,1660408885,17,29.9697,40.2064,39.76,5.57
Lázaro Cárdenas,93,MX,1660408885,66,17.9583,-102.2,29.5,1.71
Salinópolis,45,BR,1660408885,66,-0.6136,-47.3561,28.88,6.98
Belmonte,69,BR,1660408674,77,-15.8631,-38.8828,23.11,7.01
Henties Bay,1,NA,1660408885,85,-22.116,14.2845,13.44,6.92
Midyat,0,TR,1660408885,17,37.4247,41.3393,32.85,3.17
Clyde River,100,CA,1660408885,100,70.4692,-68.5914,4.13,7.72
Okha,80,RU,1660408885,94,53.5739,142.9478,12.5,1.89
Derzhavīnsk,1,KZ,1660408885,40,51.1,66.3167,22.15,3.35
Haines Junction,98,CA,1660408885,82,60.7522,-137.5108,12.97,0.51
Cotonou,20,BJ,1660408714,83,6.3654,2.4183,25.99,7.2
Walvis Bay,0,NA,1660408886,67,-22.9575,14.5053,17.53,8.23
Acapulco de Juárez,75,MX,1660408887,70,16.8634,-99.8901,29.9,1.54
Gloversville,75,US,1660408745,54,43.0528,-74.3438,23.32,2.06
Catuday,97,PH,1660408887,79,16.2923,119.8062,27.54,4.36
Buchanan,96,LR,1660408887,75,5.8808,-10.0467,25.6,4.65
Saldanha,57,ZA,1660408887,86,-33.0117,17.9442,13.03,8.2
Raja,97,SS,1660408887,93,8.4596,25.678,22.28,0.58
Amahai,99,ID,1660408887,88,-3.3333,128.9167,25.12,2.23
Klaksvík,85,FO,1660408887,86,62.2266,-6.589,12.51,4.4
Pekan,42,MY,1660408887,86,3.4836,103.3996,27.06,1.66
Isangel,83,VU,1660408887,72,-19.55,169.2667,22.48,7.66
Mabaruma,99,GY,1660408888,51,8.2,-59.7833,32.83,2.08
Poum,99,NC,1660408888,73,-20.2333,164.0167,23.08,9.25
Rawson,100,AR,1660408888,42,-43.3002,-65.1023,15.18,13.42
Lermontovka,48,RU,1660408888,95,47.1453,134.3383,15.01,1.19
Ribas do Rio Pardo,0,BR,1660408888,18,-20.4431,-53.7592,30.59,2.78
Gravdal,100,NO,1660408888,90,68.1214,13.5031,11.2,11.79
Ixtapa,75,MX,1660408888,78,20.7,-105.2,30.68,1.54
Nuuk,20,GL,1660408888,62,64.1835,-51.7216,13.34,2.57
Manassas,0,US,1660408888,40,38.751,-77.4753,27.72,3.6
Sinnamary,33,GF,1660408889,62,5.3833,-52.95,30.19,7.03
Najrān,100,SA,1660408889,21,17.4924,44.1277,35.36,3.26
Sabha,0,LY,1660408889,12,27.0377,14.4283,37.39,4.6
Warmbad,30,NA,1660408806,43,-28.45,18.7333,11.63,8.56
Peleduy,45,RU,1660408889,95,59.6289,112.7406,8.04,0.98
Half Moon Bay,0,US,1660408889,75,37.4636,-122.4286,23.29,1.54
Nelson Bay,51,AU,1660408889,88,-32.7167,152.15,11.67,4.02
Aklavik,90,CA,1660408889,47,68.2191,-135.0107,19.49,0.56
Tayu,94,ID,1660408889,77,-6.5397,111.0518,26.84,1.85
Auki,79,SB,1660408889,88,-8.7676,160.7034,23.76,1.74
Sinegor'ye,97,RU,1660408890,84,62.0788,150.477,12.93,0.73
Yar-Sale,100,RU,1660408890,73,66.8333,70.8333,11.27,2.11
Broome,0,US,1660408890,42,42.2506,-75.833,25.35,3.09
Qufu,100,CN,1660408890,85,35.5967,116.9911,27.89,1.81
Zhigansk,99,RU,1660408785,77,66.7697,123.3711,8.35,6.83
Hailar,88,CN,1660408890,76,49.2,119.7,13.38,1.83
Hambantota,97,LK,1660408890,76,6.1241,81.1185,26.73,6.73
Aripuanã,8,BR,1660408890,22,-9.1667,-60.6333,37.29,1.69
Province of Terni,18,IT,1660408610,46,42.6833,12.3167,25.62,2.71
Sturgis,40,US,1660408890,66,41.7992,-85.4192,21.71,4.12
Brae,93,GB,1660408890,85,60.3964,-1.353,15.81,2.42
Port-Gentil,100,GA,1660408890,83,-0.7193,8.7815,23.98,5.14
Constitución,70,CL,1660408891,72,-35.3333,-72.4167,13.33,4.72
Sonoita,46,MX,1660408891,46,31.85,-112.8333,32.09,1.18
Lavrentiya,100,RU,1660408718,75,65.5833,-171.0,3.5,4.19
Tra Vinh,6,VN,1660408891,89,9.9347,106.3453,24.95,2.23
Mahanoro,24,MG,1660408891,88,-19.9,48.8,19.04,0.99
Northam,82,GB,1660408891,30,51.0333,-4.2167,33.47,3.18
Aksha,100,RU,1660408891,75,50.2814,113.2867,13.8,0.45
Wajima,93,JP,1660408891,88,37.4,136.9,26.63,4.54
Dolisie,23,CG,1660408891,48,-4.1997,12.6739,25.82,5.0
Puerto López,100,CO,1660408891,89,4.0845,-72.956,24.43,1.48
Moissac,99,FR,1660408800,23,44.1024,1.0945,34.93,1.08
Kommunisticheskiy,45,RU,1660408892,79,61.6789,64.4819,10.38,3.8
Vilcún,93,CL,1660408892,80,-38.65,-72.2333,11.41,7.73
Seoul,75,KR,1660408751,97,37.5683,126.9778,24.78,1.54
Prince Rupert,100,CA,1660408892,94,54.3161,-130.3201,14.05,3.6
Portland,75,US,1660408892,68,45.5234,-122.6762,21.06,2.24
Hay River,8,CA,1660408892,60,60.8156,-115.7999,19.99,2.06
Newport,86,GB,1660408660,30,51.5877,-2.9984,34.45,3.07
Atar,14,MR,1660408892,33,20.5169,-13.0499,36.45,3.85
Rio Verde de Mato Grosso,0,BR,1660408892,16,-18.9181,-54.8442,32.77,3.58
Camocim,19,BR,1660408892,57,-2.9022,-40.8411,30.08,8.03
Boa Vista,75,BR,1660408892,74,2.8197,-60.6733,28.99,1.54
Prata,0,BR,1660408893,21,-19.3072,-48.9242,31.19,2.97
Gillette,0,US,1660408893,48,44.2911,-105.5022,27.84,2.57
Rondonópolis,1,BR,1660408893,14,-16.4708,-54.6356,35.86,0.93
Farah,1,AF,1660408893,14,32.5,62.5,31.48,2.18
Novozaimka,6,RU,1660408893,58,56.4857,66.9241,15.19,6.71
Raudeberg,100,NO,1660408893,86,61.9875,5.1352,16.37,2.28
La Mira,94,MX,1660408893,65,18.035,-102.3266,29.76,1.79
Leh,10,IN,1660408893,32,34.1667,77.5833,21.42,2.52
Kamenka,94,RU,1660408894,43,51.3223,42.7678,26.43,5.05
Seda,76,LV,1660408894,62,57.65,25.75,22.43,1.31
Nova Olinda do Norte,45,BR,1660408894,33,-3.8881,-59.0942,36.27,2.51
Flinders,68,AU,1660408894,71,-34.5833,150.8552,11.77,1.79
Saskylakh,26,RU,1660408894,73,71.9167,114.0833,5.99,2.1
Chicama,91,PE,1660408894,61,-7.8447,-79.1469,15.3,3.78
Skjervøy,100,NO,1660408894,80,70.0311,20.9714,12.0,4.16
Buala,95,SB,1660408894,81,-8.145,159.5921,26.06,1.58
Maunabo,12,PR,1660408894,72,18.0072,-65.8993,33.16,5.16
Hienghène,90,NC,1660408894,81,-20.6833,164.9333,20.58,5.07
Chandauli,100,IN,1660408894,65,25.2667,83.2667,31.03,2.05
Monywa,86,MM,1660408895,84,22.1167,95.1333,26.09,5.15
Silifke,0,TR,1660408895,71,36.3778,33.9344,28.56,3.84
Kargasok,23,RU,1660408895,94,59.0556,80.8572,13.01,3.34
Ternate,97,ID,1660408895,77,0.8,127.4,27.34,1.56
Shādegān,0,IR,1660408895,15,30.6497,48.6647,35.97,5.12
Ulaanbaatar,100,MN,1660408659,88,47.9077,106.8832,13.07,2.0
Verāval,42,IN,1660408895,86,20.9,70.3667,26.78,9.21
Zholymbet,35,KZ,1660408895,56,51.7433,71.7122,19.66,4.33
Durban,100,ZA,1660408816,95,-29.8579,31.0292,17.73,1.34
Road Town,20,VG,1660408895,74,18.4167,-64.6167,33.05,3.6
Nyurba,100,RU,1660408896,89,63.2842,118.3319,12.49,2.12
Abu Samrah,0,SY,1660408896,44,35.3029,37.1841,27.95,7.08
Kupang,4,ID,1660408896,80,-10.1667,123.5833,24.87,5.16
Pueblo,0,US,1660408896,40,38.2545,-104.6091,30.42,4.63
Grants Pass,0,US,1660408896,63,42.439,-123.3284,20.82,2.06
Okitipupa,100,NG,1660408896,80,6.5047,4.7839,25.13,3.52
Grand Baie,85,MU,1660408896,73,-20.0182,57.5802,20.26,1.79
Noumea,98,NC,1660408582,80,-22.2763,166.4572,16.99,3.64
Rio Grande,97,BR,1660408716,72,-32.035,-52.0986,24.06,2.3
Coahuayana Viejo,92,MX,1660408896,59,18.7333,-103.6833,31.06,0.78
Alberton,78,CA,1660408896,82,46.8168,-64.0654,23.07,4.79
Hwange,0,ZW,1660408897,26,-18.3693,26.5019,23.82,1.66
San Andrés,20,CO,1660408897,79,12.5847,-81.7006,29.01,3.09
Kulhudhuffushi,100,MV,1660408897,75,6.6221,73.07,27.77,3.46
Rio Claro,0,BR,1660408897,27,-22.4114,-47.5614,26.94,2.13
Ola,100,RU,1660408897,91,59.5833,151.2833,15.08,2.68
Lieksa,96,FI,1660408897,58,63.3167,30.0167,16.52,1.31
Bay City,100,US,1660408897,73,43.5945,-83.8889,19.18,2.57
Shingū,74,JP,1660408897,90,33.7333,135.9833,26.03,2.51
Vitória da Conquista,73,BR,1660408897,58,-14.8661,-40.8394,21.41,4.95
Sandviken,44,SE,1660408708,41,60.6167,16.7667,28.65,2.32
Port Blair,40,IN,1660408897,83,11.6667,92.75,27.02,2.06
Barinas,70,VE,1660408898,74,8.6226,-70.2075,28.02,0.51
Antalaha,79,MG,1660408898,90,-14.9003,50.2788,19.87,3.41
Soe,33,ID,1660408898,89,-9.8607,124.284,17.99,2.54
Yerbogachën,100,RU,1660408898,81,61.2767,108.0108,7.94,0.94
Kohima,34,IN,1660408898,95,25.6667,94.1167,18.55,2.26
Kemin,12,KG,1660408898,47,42.7846,75.6892,19.44,2.54
Kirakira,100,SB,1660408898,86,-10.4544,161.9205,25.02,1.76
The Pas,0,CA,1660408898,82,53.8251,-101.2541,19.01,3.6
Sokoto,89,NG,1660408626,52,13.0609,5.239,31.9,2.32
Verkhoyansk,60,RU,1660408807,92,67.5447,133.385,6.02,1.74
Ntoum,100,GA,1660408898,66,0.3833,9.7833,25.5,4.04
Olafsvik,52,IS,1660408899,71,64.8945,-23.7142,10.3,4.17
Abu Kamal,0,SY,1660408899,21,34.4506,40.9171,35.59,4.92
Suntar,100,RU,1660408899,99,62.1444,117.6319,13.87,1.72
Carroll,13,US,1660408899,41,39.5501,-77.0164,26.39,1.79
Betūl,100,IN,1660408899,92,21.9153,77.8961,22.83,5.68
Shimoda,92,JP,1660408899,88,34.6667,138.95,26.17,8.86
Ambovombe,0,MG,1660408899,63,-25.1667,46.0833,21.24,3.72
Nizhneangarsk,38,RU,1660408899,85,55.7833,109.55,10.26,0.83
Taltal,1,CL,1660408899,63,-25.4,-70.4833,17.11,3.11
Bunia,100,CD,1660408900,97,1.5667,30.25,16.62,1.45
Beloha,0,MG,1660408900,62,-25.1667,45.05,19.55,2.54
Waddān,0,LY,1660408900,20,29.1614,16.139,34.58,6.31
Paita,52,PE,1660408900,71,-5.0892,-81.1144,21.16,4.41
Villa Vicente Guerrero,95,MX,1660408900,57,19.1194,-98.1708,16.66,1.04
Manjo,100,CM,1660408900,99,4.8428,9.8217,21.07,1.42
Viedma,100,AR,1660408900,30,-40.8135,-62.9967,18.06,9.97
Pangkalanbuun,100,ID,1660408900,97,-2.6833,111.6167,22.65,0.93
Ubari,0,LY,1660408900,12,26.5921,12.7805,37.63,3.95
Fukuechō,100,JP,1660408900,86,32.6881,128.8419,28.38,5.53
Oranjemund,27,NA,1660408901,80,-28.55,16.4333,12.71,3.44
Artyom,38,AZ,1660408901,61,40.4723,50.333,29.08,4.14
Wodonga,100,AU,1660408699,100,-36.1167,146.8833,9.0,3.6
Ponta Delgada,40,PT,1660408901,83,37.7333,-25.6667,25.4,8.23
Muş Province,0,TR,1660408901,17,39.0,41.75,26.56,1.7
Kununurra,8,AU,1660408901,68,-15.7667,128.7333,17.99,0.0
Jalpan,50,MX,1660408864,42,21.2333,-99.4833,30.46,2.67
Duminichi,90,RU,1660408901,86,53.9345,35.1099,19.44,2.82
Atasū,0,KZ,1660408901,38,48.6814,71.6433,21.19,3.59
Ajdabiya,0,LY,1660408901,65,30.7554,20.2263,28.05,7.09
Mandiana,93,GN,1660408901,80,10.6333,-8.6833,25.82,2.73
Kenai,100,US,1660408901,97,60.5544,-151.2583,12.27,2.06
Praia,40,CV,1660408799,54,14.9215,-23.5087,29.3,2.06
La Asuncion,77,VE,1660408901,100,11.0333,-63.8628,23.85,5.66
Terney,26,RU,1660408901,86,45.0503,136.6092,17.36,1.43
Porbandar,93,IN,1660408902,85,21.6422,69.6093,26.84,10.01
Omboué,64,GA,1660408902,74,-1.5746,9.2618,23.6,5.27
Almenara,100,BR,1660408902,53,-16.1836,-40.6944,24.24,3.18
Shelbyville,0,US,1660408902,62,35.4834,-86.4603,27.8,1.54
Makkah al Mukarramah,96,SA,1660408379,30,21.4267,39.8261,33.03,4.53
Murayama,100,JP,1660408902,98,38.5193,140.3346,23.02,0.51
Tombouctou,4,ML,1660408902,19,20.0,-3.0,40.86,3.57
Araouane,9,ML,1660408902,21,18.9048,-3.5265,39.76,3.84
Ciudad Sabinas Hidalgo,50,MX,1660408902,46,26.5,-100.1667,32.23,2.95
Pembroke,1,CA,1660408902,36,45.8168,-77.1162,23.43,0.99
Narsaq,100,GL,1660408902,86,60.9167,-46.05,12.12,0.76
Malinovka,99,BY,1660408902,73,53.8579,27.4374,25.72,3.93
Chalmette,75,US,1660408903,65,29.9427,-89.9634,32.22,4.63
Marsh Harbour,18,BS,1660408903,67,26.5412,-77.0636,28.51,2.66
Acarí,63,PE,1660408903,56,-15.4311,-74.6158,21.27,3.7
Ambon City,40,ID,1660408903,94,-3.6954,128.1814,25.08,2.06
Colesberg,74,ZA,1660408903,45,-30.72,25.0972,10.71,6.68
Tsiroanomandidy,12,MG,1660408903,42,-18.7667,46.0333,18.8,2.04
Adrar,14,MR,1660408903,26,20.5022,-10.0711,37.03,3.52
Okahandja,0,NA,1660408903,18,-21.9833,16.9167,19.02,6.72
Kismayo,88,SO,1660408614,82,-0.3582,42.5454,24.1,7.3
Faro,0,PT,1660408605,50,37.0194,-7.9322,31.77,7.72
Sergeevka,66,KZ,1660408904,75,53.88,67.4158,18.43,4.15
Point Pedro,98,LK,1660408904,80,9.8167,80.2333,27.34,6.85
Itarema,34,BR,1660408904,58,-2.9248,-39.9167,29.49,9.47
Samarai,66,PG,1660408904,85,-10.6167,150.6667,25.82,1.79
Somerset East,94,ZA,1660408904,81,-32.7217,25.588,9.11,2.58
Hornepayne,57,CA,1660408904,38,49.2138,-84.7705,23.49,1.8
Fuling,22,CN,1660408904,67,29.7022,107.3919,28.25,1.93
Martil,0,MA,1660408882,40,35.6166,-5.2752,33.98,3.6
Srednekolymsk,78,RU,1660408904,62,67.45,153.6833,5.45,7.17
Åmot,7,NO,1660408904,38,59.5714,7.9877,24.31,2.39
Maun,0,BW,1660408793,17,-19.9833,23.4167,28.98,2.06
Wanning,90,CN,1660408905,90,18.8003,110.3967,26.51,2.35
Xushan,96,CN,1660408905,78,30.1764,121.2457,29.96,2.5
Batticaloa,100,LK,1660408905,83,7.7102,81.6924,27.11,2.1
Linden,54,GY,1660408905,43,6.0,-58.3,34.59,2.16
El Alto,23,PE,1660408905,68,-4.2714,-81.2147,19.81,6.04
Sibu,40,MY,1660408905,94,2.3,111.8167,23.17,1.54
San Quintín,44,MX,1660408905,73,30.4833,-115.95,24.5,3.11
Umluj,6,SA,1660408852,62,25.0213,37.2685,30.68,3.84
Merauke,98,ID,1660408905,86,-8.4667,140.3333,24.76,4.96
Haapiti,8,PF,1660408905,75,-17.5667,-149.8667,21.85,6.13
Markova,58,UA,1660408905,89,48.6758,24.4138,18.98,1.17
Tubualá,100,PA,1660408906,79,9.5167,-79.0333,27.25,0.56
Cisaat,65,ID,1660408906,93,-6.2923,105.9717,21.93,1.13
Pundaguitan,51,PH,1660408906,76,6.3711,126.1689,28.49,5.33
Ballarat,97,AU,1660408906,95,-37.5662,143.8496,6.18,2.24
Oyama,86,JP,1660408906,92,36.3,139.8,26.44,0.97
Opuwo,0,NA,1660408906,12,-18.0607,13.84,24.46,5.3
Oeiras do Pará,4,BR,1660408906,38,-2.0031,-49.8544,35.0,3.11
Morondava,0,MG,1660408906,76,-20.2833,44.2833,22.87,3.94
Mayo,0,US,1660408906,49,38.8876,-76.5119,27.18,5.81
Lethem,85,GY,1660408906,60,3.3803,-59.7968,30.98,0.7
Sakaiminato,75,JP,1660408906,83,35.55,133.2333,27.99,2.06
Praia,40,CV,1660408799,54,14.9215,-23.5087,29.3,2.06
Kerrville,100,US,1660408906,52,30.0474,-99.1403,33.64,2.06
Loralai,92,PK,1660408907,50,30.3705,68.598,26.88,3.31
Aksu,11,CN,1660408907,38,41.1231,80.2644,27.31,3.32
Balabac,98,PH,1660408907,76,7.9868,117.0645,27.75,1.99
Whitehorse,20,CA,1660408907,68,60.7161,-135.0538,15.43,5.66
Drumheller,2,CA,1660408907,50,51.4617,-112.7101,26.15,2.57
